{
  "classes": {
    "badem": {
      "covariance": [
        [
          10831386503.044918,
          329133663.7981354,
          -320597261057358.1,
          -8.166990395187133e+16,
          2.2299666652045355e+25,
          1.3374058130575765e+17,
          8.013744673495468e+25
        ],
        [
          329133663.7981354,
          1045119826.833596,
          -221447756089169.63,
          -4.849414920314219e+15,
          3.502879371614389e+23,
          2.3879910685995834e+17,
          1.2423645998179143e+26
        ],
        [
          -320597261057358.1,
          -221447756089169.63,
          2.309525849525354e+22,
          6.172032753221925e+22,
          1.7908946183446267e+32,
          4.9481909375025754e+23,
          8.404484069412414e+33
        ],
        [
          -8.166990395187133e+16,
          -4.849414920314219e+15,
          6.172032753221925e+22,
          1.1777038647832321e+24,
          1.7322678225500087e+33,
          2.5878334616966533e+24,
          1.1133370969610308e+34
        ],
        [
          2.2299666652045355e+25,
          3.502879371614389e+23,
          1.7908946183446267e+32,
          1.7322678225500087e+33,
          8.688832196561572e+42,
          1.3413118190684368e+34,
          3.6960379487750367e+43
        ],
        [
          1.3374058130575765e+17,
          2.3879910685995834e+17,
          4.9481909375025754e+23,
          2.5878334616966533e+24,
          1.3413118190684368e+34,
          2.779137558693877e+26,
          9.430142176308664e+34
        ],
        [
          8.013744673495468e+25,
          1.2423645998179143e+26,
          8.404484069412414e+33,
          1.1133370969610308e+34,
          3.6960379487750367e+43,
          9.430142176308664e+34,
          5.020312670297582e+45
        ]
      ],
      "mean": [
        [
          0.18597621373521137,
          0.00872339293494607,
          7.130966013375124e-10,
          6.519025472721526e-11,
          1.2897651043595737e-20,
          4.0283180043649024e-12,
          -2.806508507847049e-21
        ]
      ],
      "meanNormalized": [
        [
          -0.7681362837212441,
          -0.9819041717367101,
          -0.999942570848009,
          -0.99999446542083,
          -0.9999999999983133,
          -0.9999999325589901,
          -2.7214956137957493e-09
        ]
      ]
    },
    "baharatlı": {
      "covariance": [
        [
          419531.4676855687,
          75742.5879874757,
          3016562185.127021,
          3036467314.2278957,
          4632540763265.101,
          593624551.5643188,
          -3.4342749453967308e+16
        ],
        [
          75742.5879874757,
          14058.952643483932,
          560259883.1298183,
          563957237.8638804,
          860395954205.5718,
          110253137.75993593,
          -6.378435692071564e+15
        ],
        [
          3016562185.127021,
          560259883.1298183,
          22327335286138.926,
          22474683649667.03,
          3.4288287846567604e+16,
          4393780914009.5977,
          -2.5419184972447865e+20
        ],
        [
          3036467314.2278957,
          563957237.8638804,
          22474683649667.03,
          22623004834947.16,
          3.4514572664021948e+16,
          4422777576507.446,
          -2.558693833627149e+20
        ],
        [
          4632540763265.101,
          860395954205.5718,
          3.4288287846567604e+16,
          3.4514572664021948e+16,
          5.265683031826225e+19,
          6.747568647240064e+15,
          -3.9036469709654076e+23
        ],
        [
          593624551.5643188,
          110253137.75993593,
          4393780914009.5977,
          4422777576507.446,
          6.747568647240064e+15,
          864649132392.4222,
          -5.002223975878932e+19
        ],
        [
          -3.4342749453967308e+16,
          -6.378435692071564e+15,
          -2.5419184972447865e+20,
          -2.558693833627149e+20,
          -3.9036469709654076e+23,
          -5.002223975878932e+19,
          2.893918905073732e+27
        ]
      ],
      "mean": [
        [
          0.2612476788023232,
          0.4709328643201424,
          1.174490552478875e-05,
          1.1666364489546302e-05,
          7.646784730256242e-09,
          5.967415859579018e-05,
          -1.0314852710753893e-12
        ]
      ],
      "meanNormalized": [
        [
          0.0,
          0.0,
          0.0,
          0.0,
          0.0,
          0.0,
          -1.0
        ]
      ]
    },
    "leblebi": {
      "covariance": [
        [
          4236042177.5535817,
          -367616328360.51294,
          2.8558457752615852e+16,
          1.201978425066609e+19,
          -2.920765188758651e+30,
          -5.192397762889576e+21,
          -1.1021334935473779e+30
        ],
        [
          -367616328360.51294,
          117951186325482.05,
          -1.192518923311921e+18,
          1.0979965389544764e+20,
          7.65829366628343e+32,
          2.3133090555511878e+22,
          5.422902333156622e+32
        ],
        [
          2.8558457752615852e+16,
          -1.192518923311921e+18,
          6.588377156904943e+25,
          3.4410438736911245e+27,
          -6.794976713313663e+37,
          -2.0662970460865855e+28,
          -1.6945015391662392e+37
        ],
        [
          1.201978425066609e+19,
          1.0979965389544764e+20,
          3.4410438736911245e+27,
          2.712550855077153e+29,
          -4.3810857890851355e+39,
          -2.344297799929023e+31,
          4.587833018690771e+37
        ],
        [
          -2.920765188758651e+30,
          7.65829366628343e+32,
          -6.794976713313663e+37,
          -4.3810857890851355e+39,
          7.739199627958324e+51,
          1.451775355188238e+41,
          2.0085796534095203e+51
        ],
        [
          -5.192397762889576e+21,
          2.3133090555511878e+22,
          -2.0662970460865855e+28,
          -2.344297799929023e+31,
          1.451775355188238e+41,
          1.0946035978399955e+34,
          4.385338565884586e+40
        ],
        [
          -1.1021334935473779e+30,
          5.422902333156622e+32,
          -1.6945015391662392e+37,
          4.587833018690771e+37,
          2.0085796534095203e+51,
          4.385338565884586e+40,
          8.496662557646354e+51
        ]
      ],
      "mean": [
        [
          0.16325534767267202,
          0.00020518570392996484,
          3.8598853534268136e-11,
          6.21840276879027e-13,
          -5.76887306477126e-25,
          3.832488048017302e-15,
          6.741330813765589e-25
        ]
      ],
      "meanNormalized": [
        [
          -1.0,
          -1.0,
          -1.0,
          -1.0,
          -1.0,
          -1.0,
          0.0
        ]
      ]
    }
  },
  "metadata": {
    "count": 94,
    "max": [
      [
        0.2612476788023232,
        0.4709328643201424,
        1.174490552478875e-05,
        1.1666364489546302e-05,
        7.646784730256242e-09,
        5.967415859579018e-05,
        6.741330813765589e-25
      ]
    ],
    "min": [
      [
        0.16325534767267202,
        0.00020518570392996484,
        3.8598853534268136e-11,
        6.21840276879027e-13,
        -5.76887306477126e-25,
        3.832488048017302e-15,
        -1.0314852710753893e-12
      ]
    ]
  }
}