{
  "labels": {
    "badem": [
      0.23131821454155704,
      0.016875218405979713,
      4.061400936370258e-05,
      3.7404322889226387e-06,
      6.982364605954272e-13,
      4.129160487075803e-08,
      0.9999999982368457
    ],
    "baharatlı": [
      1.0,
      1.0,
      1.0,
      1.0,
      1.0,
      1.0,
      0.0
    ],
    "leblebi": [
      0.0,
      0.0,
      0.0,
      0.0,
      0.0,
      0.0,
      1.0
    ]
  },
  "metadata": {
    "max": [
      0.26696424708415867,
      0.5109670915371785,
      1.6837744552674812e-05,
      1.6737735609378765e-05,
      1.5734285035448622e-08,
      8.920799095897593e-05,
      4.8214024111054256e-26
    ],
    "min": [
      0.16322988727280724,
      0.0002008197541877113,
      4.0437288317642257e-11,
      5.071435080418694e-13,
      -2.174990552970278e-25,
      2.910935435779074e-15,
      -1.7509959765170079e-12
    ]
  }
}