{
  "labels": {
    "badem": [
      0.23131821454155402,
      0.016875218405979654,
      4.061400936370413e-05,
      3.7404322889228657e-06,
      6.982364605953695e-13,
      4.129160487075696e-08,
      0.9999999982368457
    ],
    "baharatlı": [
      1.0,
      1.0,
      1.0,
      1.0,
      1.0,
      1.0,
      0.0
    ],
    "leblebi": [
      0.0,
      0.0,
      0.0,
      0.0,
      0.0,
      0.0,
      1.0
    ]
  },
  "metadata": {
    "max": [
      0.2669642470841589,
      0.5109670915371781,
      1.6837744552674805e-05,
      1.6737735609378755e-05,
      1.5734285035448612e-08,
      8.920799095897585e-05,
      4.8214024109812026e-26
    ],
    "min": [
      0.16322988727280757,
      0.00020081975418771226,
      4.043728831764163e-11,
      5.07143508041594e-13,
      -2.174990552966289e-25,
      2.910935435773476e-15,
      -1.7509959765170079e-12
    ]
  }
}